{
  "project_info": {
    "project_number": "216254960994",
    "firebase_url": "https://lab5-82b59-default-rtdb.firebaseio.com",
    "project_id": "lab5-82b59",
    "storage_bucket": "lab5-82b59.appspot.com"
  },
  "client": [
    {
      "client_info": {
        "mobilesdk_app_id": "1:216254960994:android:91fbc52a6c3cb87928c83b",
        "android_client_info": {
          "package_name": "com.example.lab5"
        }
      },
      "oauth_client": [],
      "api_key": [
        {
          "current_key": "AIzaSyBFKUUMYjOKG58N5XphLBlvoeGdCfDiqLY"
        }
      ],
      "services": {
        "appinvite_service": {
          "other_platform_oauth_client": []
        }
      }
    }
  ],
  "configuration_version": "1"
}